ebalcers0,ldanilenko0@oakley.com,apirri0,Democratic Republic of the Congo
kdaudray1,gantowski1@hhs.gov,bbrodeur1,Indonesia
epattington2,ojachimczak2@berkeley.edu,dwloch2,Vietnam
npemberton3,aporritt3@craigslist.org,dreyner3,Ukraine
kchart4,tclampett4@cnn.com,tdisbury4,Mexico
odunleavy5,wtims5@barnesandnoble.com,rpenvarden5,Indonesia
mduckett6,agwilt6@phpbb.com,vcoulbeck6,Poland
kvanderhoven7,sgianasi7@histats.com,mmacbain7,Indonesia
amenichino8,lcrossgrove8@diigo.com,xaplin8,Mexico
fschuler9,oclinnick9@newyorker.com,jwickrath9,China
smccunna,chebbornea@seesaa.net,asprucea,China
cdiackb,zyackiminieb@ifeng.com,ejadczakb,Italy
bhogbinc,tsinghc@youtu.be,establesc,Philippines
cheggsd,bbodocsd@usnews.com,ambarrond,Aland Islands
dnapere,hbanyarde@ifeng.com,headiee,Philippines
dinsworthf,gtruittf@topsy.com,vrodolicof,China
kkingsleyg,fbradlaughg@yellowpages.com,ijobeyg,Peru
koldh,ephillipsh@kickstarter.com,ahaythorneh,Serbia
hsertini,gpetleyi@toplist.cz,lmouatti,New Zealand
ecristeaj,stightj@amazon.de,lglanvillj,China
molleyk,lsurphlissk@usda.gov,atatamk,Yemen
scardenasl,nspencleyl@moonfruit.com,hmittonl,Argentina
kcalafatom,jkroppm@acquirethisname.com,mbrislenm,France
cputmann,fthacken@jiathis.com,hbransbyn,China
ccicchettoo,baseyo@cbslocal.com,gchillo,China
ulightmanp,lbandierap@deliciousdays.com,cnaullsp,Colombia
bollingtonq,dpynerq@sphinn.com,ldubbleq,Argentina
aagassr,rmaddiganr@unblog.fr,bgiovannonir,China
atrees,daskells@cmu.edu,nsweetsurs,Ecuador
eboyett,hbielfeltt@un.org,apybwortht,Sweden
mgriggu,mskeermoru@amazon.co.jp,rloveringu,Syria
cmcterlaghv,atocherv@lycos.com,bjanacekv,Portugal
bsnipew,hcartmillw@google.it,eimmsw,Japan
dlulhamx,abaynamx@qq.com,cbiasiox,Vietnam
gmenguey,sgallandersy@skyrock.com,dpainey,Iran
gschiesterlz,bnichollsz@psu.edu,cthundercliffez,China
hebden10,fpiatkowski10@wikipedia.org,cshedd10,Nigeria
srobelet11,shutchcraft11@hc360.com,kwindus11,China
lryles12,egillmore12@hexun.com,ufranceschino12,Russia
pmilland13,fmonkleigh13@csmonitor.com,polohan13,Kenya
brake14,wstannislawski14@yolasite.com,pbuckham14,China
cemeline15,wwanne15@feedburner.com,hheathwood15,Brazil
priepel16,kmonck16@godaddy.com,braine16,Brazil
gpersence17,bmeeron17@vkontakte.ru,bpitherick17,North Korea
sshearmer18,emauser18@nhs.uk,pbattersby18,Mauritania
cdebold19,hmeighan19@amazon.co.jp,amclaverty19,Argentina
csessions1a,xwildish1a@wisc.edu,bclears1a,China
egoley1b,bkendrick1b@google.com,nrubie1b,Indonesia
ecasero1c,acartwright1c@blogger.com,epietruszka1c,Poland
spietruszewicz1d,spimlott1d@typepad.com,cduffet1d,Mexico
ochecketts1e,chellens1e@flickr.com,rivanchin1e,Indonesia
atunnow1f,elaurand1f@zimbio.com,ktoon1f,Mongolia
ehaburne1g,tgrzeszczyk1g@wunderground.com,dmapston1g,Palestinian Territory
mkyllford1h,rireson1h@alibaba.com,kdruett1h,Kazakhstan
oquigg1i,dmcwhirter1i@jalbum.net,cdando1i,Indonesia
kbraybrookes1j,mtroyes1j@rediff.com,jdorney1j,Indonesia
rguilleton1k,mhawke1k@cnn.com,hbonevant1k,Nepal
ainmett1l,rnotton1l@prnewswire.com,dhixson1l,Turks and Caicos Islands
edilloway1m,ijoannic1m@upenn.edu,pstockney1m,China
bthomason1n,nhayfield1n@google.ru,peassom1n,China
mboanas1o,jgontier1o@domainmarket.com,ckench1o,Indonesia
pkobpal1p,cshowering1p@histats.com,dlutty1p,China
ckinde1q,lbarttrum1q@scribd.com,pheephy1q,Russia
giorns1r,ctarbert1r@google.cn,sshrubsall1r,Thailand
mscholtis1s,mdilon1s@parallels.com,jmontrose1s,Vietnam
spearse1t,mlapree1t@lycos.com,djephcote1t,Philippines
cdorning1u,dadvani1u@ow.ly,bblackaller1u,France
splume1v,lgerriessen1v@howstuffworks.com,veschalette1v,Indonesia
hsymones1w,cbittlestone1w@google.it,vblumsom1w,Poland
tkeers1x,lkenealy1x@nbcnews.com,tjonsson1x,Honduras
bhanham1y,atrelease1y@hubpages.com,nnuzzti1y,Indonesia
sskowcraft1z,gouslem1z@virginia.edu,sbrantl1z,China
bvenables20,kchasier20@buzzfeed.com,cdizlie20,Palestinian Territory
msabate21,ebirchner21@youtu.be,vfinker21,Chile
elaugharne22,vbertot22@wsj.com,grupp22,Mexico
mbartaletti23,wyouthed23@wiley.com,hbignal23,Japan
awildish24,alohrensen24@kickstarter.com,fpothecary24,Mexico
sokell25,ctulloch25@ezinearticles.com,jfreen25,Paraguay
rsaunders26,pdagg26@tumblr.com,kospellissey26,Russia
vsharphurst27,fmartinovsky27@jigsy.com,dboyles27,Nicaragua
mgytesham28,jjutson28@linkedin.com,randrault28,Colombia
lblowes29,vlocks29@yahoo.co.jp,rstearn29,Bulgaria
ttreppas2a,rsicely2a@cbslocal.com,pduckers2a,United States
pbudge2b,hkelmere2b@hc360.com,mpaliser2b,United States
ddourin2c,rfeatherston2c@blinklist.com,dshave2c,Sweden
bcassin2d,gdumberrill2d@dion.ne.jp,vskellington2d,Brazil
eisacke2e,ltomczak2e@thetimes.co.uk,dsells2e,China
csurgison2f,amcterlagh2f@umn.edu,ftokley2f,Brazil
aoxbrough2g,bvaneeden2g@google.nl,yguerner2g,Russia
gbrennan2h,mandreasson2h@ucoz.ru,cgyorffy2h,France
acastan2i,ckenewel2i@usnews.com,aberzons2i,Slovenia
cpointer2j,pcrookston2j@com.com,ayacobsohn2j,Russia
tbrute2k,cleverson2k@wix.com,srides2k,Palestinian Territory
eclaxson2l,abiggerdike2l@quantcast.com,bsivyer2l,Portugal
pcannavan2m,dleveret2m@bigcartel.com,rpieche2m,Philippines
pcullrford2n,warmin2n@gravatar.com,kgaukrodge2n,China
deverit2o,nchalkly2o@woothemes.com,dpryke2o,Laos
khinchon2p,lwhitely2p@state.tx.us,nwestney2p,Sweden
hbette2q,bgilford2q@elpais.com,cshermar2q,China
bbrachell2r,akupisz2r@parallels.com,broberti2r,Ukraine
dwardley2s,lnussgen2s@skype.com,hthorold2s,Indonesia
asowersby2t,snicely2t@prnewswire.com,hlegonidec2t,Portugal
fleadbeater2u,bastlett2u@seattletimes.com,etapping2u,Panama
krubinsaft2v,mcrosher2v@huffingtonpost.com,zgooke2v,China
ldecaze2w,atemperley2w@yolasite.com,kmidson2w,Brazil
mstrephan2x,ccastard2x@webnode.com,kchritchlow2x,Ecuador
wburnyeat2y,egabbotts2y@java.com,rarlet2y,China
umcdell2z,rhuish2z@gnu.org,fellams2z,Guinea-Bissau
wlevick30,cmarin30@bbc.co.uk,asmorfit30,Indonesia
acady31,psterndale31@cisco.com,bkornas31,Ukraine
mrubinov32,pbernholt32@nsw.gov.au,abettley32,Tanzania
jpeotz33,gboot33@admin.ch,knertney33,Armenia
mbachanski34,sstonefewings34@jugem.jp,hmaggiori34,China
drosencwaig35,cbicheno35@deliciousdays.com,njansen35,Cape Verde
cplunket36,cshreeve36@wix.com,rshrubb36,Japan
ffilipovic37,cmaguire37@mozilla.org,ecorcoran37,Indonesia
pbenedyktowicz38,ycreagh38@livejournal.com,rverden38,North Korea
gcesconi39,fcurnock39@storify.com,wwintersgill39,China
bkik3a,twhitbread3a@dropbox.com,haguilar3a,China
ckislingbury3b,tperschke3b@mlb.com,cmedlin3b,Portugal
lglanvill3c,dlegood3c@opensource.org,mjosefs3c,Sweden
apalombi3d,mlesley3d@craigslist.org,egilffilland3d,Argentina
cblunkett3e,kfruchon3e@google.de,claden3e,Sweden
rriccioppo3f,sdon3f@geocities.jp,dhourican3f,Guatemala
lennever3g,aplank3g@e-recht24.de,rringrose3g,Indonesia
cbartzen3h,mdoherty3h@fema.gov,mblowne3h,Argentina
agreenard3i,agillopp3i@sourceforge.net,msimoneton3i,Armenia
bfirle3j,ibulleyn3j@blogger.com,fbavridge3j,Indonesia
ecrennell3k,cswetland3k@tripadvisor.com,wmattocks3k,Hong Kong
mwimsett3l,giacobacci3l@msu.edu,tlesper3l,United States
clamblin3m,awitherup3m@imdb.com,kelles3m,Russia
dquiney3n,hformoy3n@ycombinator.com,deveriss3n,Czech Republic
cniess3o,cbillingsly3o@spiegel.de,cmathias3o,Ukraine
hbordone3p,vcornborough3p@qq.com,hwasling3p,China
rscally3q,pgillis3q@miitbeian.gov.cn,xcolegrove3q,China
kmilne3r,pjouannin3r@jimdo.com,dsutherel3r,Venezuela
jcleere3s,opurle3s@slideshare.net,jellor3s,Poland
scommucci3t,rnewton3t@soup.io,gbaldinotti3t,Japan
gfraine3u,jwhipp3u@nydailynews.com,tcrumby3u,Brazil
dschulz3v,idurrant3v@sbwire.com,ppadly3v,Estonia
eizzat3w,askerm3w@yahoo.com,rcamel3w,China
afishburn3x,mtorricella3x@smugmug.com,tjeffcoat3x,China
rstruys3y,eboseley3y@about.com,gtrulock3y,Indonesia
gchallace3z,astorer3z@google.cn,dpicken3z,Philippines
vmeiklem40,crahl40@alibaba.com,chugh40,France
astayt41,rogarmen41@technorati.com,dparkes41,Czech Republic
egopsall42,averlander42@wufoo.com,ahonniebal42,Indonesia
bgrimoldby43,uhobgen43@goodreads.com,fnorthfield43,China
vdanslow44,sskeates44@tinyurl.com,dcharrier44,Indonesia
tstegel45,dpenella45@addtoany.com,mmatherson45,China
gmcgrorty46,ahefferon46@github.io,tbuttle46,United States
hstowte47,acolledge47@facebook.com,rbreukelman47,China
kbootes48,twalder48@prnewswire.com,jdybell48,Nigeria
udonise49,gnavaro49@webnode.com,hpedley49,Sri Lanka
jharsant4a,bmacknockiter4a@economist.com,ovarsey4a,Peru
mscallan4b,dkybert4b@usda.gov,bszymoni4b,Sweden
esalle4c,abrettle4c@usgs.gov,rellingsworth4c,France
fsiehard4d,hclacey4d@who.int,ghallan4d,Canada
kpill4e,afair4e@webeden.co.uk,cgifford4e,Ukraine
bstainson4f,hquixley4f@nasa.gov,npinhorn4f,Brazil
mjacobsohn4g,lsealy4g@cisco.com,thowarth4g,China
ewethers4h,pebbing4h@merriam-webster.com,vbrithman4h,China
smatteotti4i,ipaver4i@freewebs.com,mmenere4i,China
laccomb4j,bgraddon4j@sakura.ne.jp,craymont4j,Malaysia
xfedoronko4k,mallen4k@cocolog-nifty.com,mbrixham4k,Greece
mberka4l,gjedraszek4l@wp.com,scayley4l,Brazil
ahenrys4m,amoline4m@studiopress.com,bamy4m,Russia
bmaciocia4n,hlarive4n@booking.com,feriksson4n,Brazil
pcurtiss4o,bmottinelli4o@hatena.ne.jp,wyourell4o,Indonesia
dsidle4p,rglover4p@1und1.de,rmcgrotty4p,Canada
pberetta4q,mwhiffen4q@mit.edu,esanday4q,Poland
bdriscoll4r,lbusher4r@ocn.ne.jp,kblanckley4r,China
hsnoddon4s,logilvie4s@icq.com,dmcparlin4s,Russia
rkime4t,hdranfield4t@tinypic.com,smargaret4t,China
smoorman4u,bfaircliffe4u@nifty.com,rwhitham4u,France
bteggin4v,ksatch4v@seattletimes.com,rlabbey4v,Philippines
zcowton4w,kpyrton4w@google.com.au,lscreas4w,Germany
fsmidmore4x,adomingues4x@oracle.com,areide4x,Dominican Republic
fleebeter4y,cleadston4y@reverbnation.com,tmarriott4y,Indonesia
ilargen4z,ycordeix4z@wikipedia.org,ggwilt4z,Russia
cbridgland50,oyonnie50@admin.ch,pmelding50,Honduras
jbarrim51,gmee51@linkedin.com,lhitzschke51,China
mmckennan52,kprop52@taobao.com,fkauscher52,Vietnam
ubuckmaster53,dszymonwicz53@mlb.com,nbudd53,Malawi
ztows54,dclementet54@amazon.de,neddison54,Brazil
srosenzveig55,dblastock55@last.fm,bdasent55,Brazil
fdarbishire56,nsange56@jalbum.net,kstonner56,Macedonia
lesser57,amilbank57@gmpg.org,cgoss57,Haiti
wblissett58,jdanson58@toplist.cz,cgecke58,Portugal
rbruster59,dmulvin59@zimbio.com,ccollcott59,Croatia
jkohrt5a,econduit5a@sourceforge.net,wdunkerly5a,Uganda
cstittle5b,fjeavons5b@google.com,xcoryndon5b,Russia
cmckenny5c,rsuggett5c@oaic.gov.au,kwalcot5c,South Korea
ccortnay5d,gmoye5d@i2i.jp,kduffield5d,Israel
streslove5e,aquarton5e@independent.co.uk,mivanusyev5e,Brazil
okrolak5f,csimek5f@ehow.com,hhodinton5f,Sweden
ibaggot5g,obrockett5g@chicagotribune.com,btills5g,Argentina
mamyes5h,jbucke5h@berkeley.edu,amawtus5h,France
abowton5i,tshaplin5i@photobucket.com,cgiroldi5i,Philippines
jpool5j,ktoman5j@ucoz.ru,aorudden5j,China
nhasted5k,goswell5k@meetup.com,etaggett5k,Slovenia
bmcgaraghan5l,rkelk5l@answers.com,wdewing5l,China
bgernier5m,lduckit5m@ca.gov,hemslie5m,Guatemala
jskym5n,cjosselson5n@wikispaces.com,blinskey5n,Netherlands
egong5o,asondland5o@sun.com,dtonner5o,Spain
bhalfacre5p,vtinman5p@macromedia.com,omeakin5p,China
nstrotton5q,fstabler5q@linkedin.com,sjoris5q,Poland
adockrey5r,mparkhouse5r@dropbox.com,tguyonnet5r,Peru
cdimitriev5s,tchinn5s@deviantart.com,bpanons5s,Russia
hdeeprose5t,lcumbridge5t@pcworld.com,wbiggar5t,Poland
rrentenbeck5u,lanstice5u@blogtalkradio.com,wblumire5u,Colombia
tbroadberry5v,aallam5v@webmd.com,rslograve5v,France
lchristoffersen5w,rcolly5w@yahoo.com,kmurphy5w,Israel
jlourenco5x,afidelli5x@opensource.org,pparkman5x,Sweden
ldorin5y,slippo5y@weebly.com,nlarter5y,Colombia
msilverstone5z,wisitt5z@imgur.com,agalliard5z,China
cjosephy60,lspeechly60@lycos.com,cdarch60,Montenegro
rwhittlesee61,wjobke61@amazonaws.com,rberryman61,China
fdrogan62,cortner62@state.gov,lseide62,China
msleet63,mspeddin63@businessinsider.com,yinnerstone63,Poland
aallanby64,bevett64@mapy.cz,hkiljan64,Bahamas
remery65,rlefloch65@webmd.com,cstangoe65,Vietnam
fpilsworth66,jholywell66@trellian.com,kcowsby66,Russia
dwalley67,jfitzhenry67@toplist.cz,hfrankiss67,Yemen
hclemow68,scaldicott68@infoseek.co.jp,crochford68,Uganda
khackforth69,crosoni69@umich.edu,bvarnes69,Venezuela
ajohncey6a,bmaccaig6a@ocn.ne.jp,mhawke6a,Sweden
magney6b,dsuff6b@theguardian.com,jtallowin6b,Venezuela
hleinster6c,rwynrahame6c@pagesperso-orange.fr,ocouser6c,China
hbottlestone6d,kfrancey6d@msn.com,dstapylton6d,Indonesia
gbixley6e,kdiament6e@cnbc.com,jbeininck6e,Indonesia
rpavett6f,emerington6f@paginegialle.it,mritter6f,China
eveschi6g,csimione6g@telegraph.co.uk,jdevas6g,China
vlatan6h,sbevis6h@indiegogo.com,bmckeag6h,France
afaircliff6i,abuckston6i@discovery.com,lkleis6i,Micronesia
dbrugh6j,bbredbury6j@google.nl,kmccullough6j,Czech Republic
pmatyushonok6k,mgives6k@xrea.com,sboyne6k,Sweden
rhawtry6l,ulewtey6l@samsung.com,tortelt6l,Colombia
modoherty6m,droman6m@myspace.com,lscamadin6m,Iran
gbullick6n,rkopf6n@slideshare.net,tweinmann6n,China
rwalrond6o,pcairns6o@paypal.com,ayesinin6o,Russia
tbrimicombe6p,mbremmell6p@google.com.hk,blowdham6p,Lithuania
bfrid6q,lhughman6q@a8.net,aheinssen6q,Brazil
elorentz6r,tbolingbroke6r@omniture.com,hbody6r,Poland
rbrimelow6s,nrickards6s@infoseek.co.jp,aricold6s,Czech Republic
ptrassler6t,lbaume6t@wordpress.com,asnodin6t,Brazil
mkittiman6u,lgetcliffe6u@de.vu,skleinstein6u,Indonesia
cratnage6v,mvanderweedenburg6v@edublogs.org,mgrzegorecki6v,Honduras
dmcbain6w,rcheson6w@kickstarter.com,cschottli6w,Sweden
descot6x,kcampione6x@yelp.com,llecount6x,Argentina
ceastlake6y,wloddon6y@ebay.com,runthank6y,China
pcurman6z,mfrean6z@arizona.edu,emacgilrewy6z,Russia
ssecombe70,mallibone70@artisteer.com,aroles70,Sweden
aivatts71,amccrystal71@homestead.com,cvasyukhnov71,Sweden
cschwand72,mdarcey72@europa.eu,fzelley72,Pakistan
aascroft73,kporson73@miibeian.gov.cn,sjakolevitch73,Indonesia
jivanyushkin74,lhelis74@google.com,hjerromes74,China
ahardstaff75,lvallance75@etsy.com,dwoollett75,Portugal
fthornebarrow76,zfresson76@barnesandnoble.com,whatchman76,Portugal
oferrulli77,grawll77@imgur.com,cmathiot77,China
gpond78,gruncie78@chron.com,bmushart78,Greece
cseamer79,sdalzell79@go.com,jlaborda79,Sweden
roret7a,lrive7a@wordpress.com,abessant7a,French Polynesia
jblaxlande7b,vburkett7b@ehow.com,cshorte7b,Belarus
cgatman7c,jsinkinson7c@fda.gov,hlongmire7c,Bulgaria
dgirone7d,smacpake7d@alexa.com,tgriffen7d,Macedonia
rkyncl7e,emoresby7e@bbb.org,agyngell7e,Japan
amccahill7f,mopdenorth7f@redcross.org,cfinch7f,Finland
bkeyser7g,lblount7g@usgs.gov,crennolds7g,Iran
gtasch7h,mseage7h@reddit.com,rivison7h,Macedonia
dmouse7i,dburtonwood7i@foxnews.com,lglendza7i,China
fjeske7j,lpladen7j@webmd.com,fmealing7j,Mongolia
cmouse7k,rgilley7k@g.co,phallick7k,Indonesia
lbendley7l,aoldfieldcherry7l@dagondesign.com,lbaccup7l,Portugal
aparlott7m,bfranzonello7m@timesonline.co.uk,scaig7m,Philippines
jbassano7n,ccrossdale7n@paypal.com,jjosland7n,Indonesia
tbraferton7o,tbarnet7o@geocities.com,mgiacomozzo7o,Italy
nupton7p,vdaspar7p@devhub.com,savramchik7p,France
badamiec7q,sbooij7q@diigo.com,mginni7q,China
bbrecken7r,brime7r@merriam-webster.com,fcrabtree7r,Canada
susher7s,cwitherup7s@timesonline.co.uk,mallsup7s,China
amoylan7t,llowth7t@nba.com,wdaddow7t,Indonesia
tdonohoe7u,cleward7u@shareasale.com,dnursey7u,Liberia
hstonebanks7v,kwaterstone7v@vkontakte.ru,pbanbury7v,Indonesia
cputten7w,vscholar7w@1688.com,ustrewther7w,Brazil
mgouinlock7x,mwilletts7x@go.com,dmaestrini7x,Peru
oastin7y,vlamming7y@opensource.org,dcroster7y,Philippines
pboyde7z,bfreebury7z@mysql.com,rguillard7z,Russia
tcully80,gmaccurlye80@senate.gov,jmcinteer80,United States
tkiraly81,mabrahamian81@cnn.com,dpreddy81,South Africa
ztrewin82,bcostell82@squarespace.com,aradband82,Bosnia and Herzegovina
lsaynor83,abeamiss83@cnn.com,horchart83,China
jsemeniuk84,ctufts84@delicious.com,kuman84,Pakistan
lverrill85,ibrient85@wired.com,mpreddle85,Ivory Coast
hbarde86,jcroll86@tuttocitta.it,pmaclice86,China
afell87,kpercival87@soup.io,agiacomello87,Saudi Arabia
tdombrell88,rbeatson88@usda.gov,fperacco88,Iran
mmaidlow89,strousdale89@wordpress.org,tdreier89,Venezuela
voneary8a,imaplethorp8a@indiegogo.com,bcarlaw8a,Vietnam
lspyvye8b,rtimmins8b@comcast.net,rsutherel8b,Greece
rchainey8c,hfever8c@boston.com,ftoffalo8c,China
pkira8d,coleary8d@mapquest.com,mmouncher8d,Indonesia
krohmer8e,rpeyes8e@tinypic.com,mgrumble8e,China
sbarkhouse8f,rdabels8f@51.la,lshepperd8f,China
ctomlin8g,oleversuch8g@ucoz.com,wprettjohn8g,Chile
ltunney8h,fnewrick8h@rakuten.co.jp,sdeevey8h,China
fboddymead8i,fgrange8i@free.fr,lbuttrum8i,Indonesia
wducker8j,zrousby8j@hubpages.com,pgrayshon8j,Benin
tmithan8k,vgillingham8k@bravesites.com,kgillyatt8k,Poland
rdegan8l,baleksich8l@geocities.com,cledwidge8l,Japan
kpinare8m,dcubuzzi8m@trellian.com,katteridge8m,France
cgumary8n,wsutherland8n@freewebs.com,jreddington8n,Czech Republic
tmckintosh8o,dbrilleman8o@bluehost.com,fsexti8o,Russia
kmcavey8p,lrowaszkiewicz8p@vistaprint.com,gscopyn8p,Brazil
lmatheson8q,hmorphet8q@auda.org.au,jnolleth8q,Sweden
dhanburybrown8r,faymer8r@globo.com,bstowte8r,Pakistan
lfaustin8s,ecarling8s@stanford.edu,rsheather8s,Japan
smaxted8t,ajaquet8t@live.com,smackowle8t,France
jorcas8u,fjohnsee8u@ovh.net,jseward8u,Nigeria
rheddan8v,ramberson8v@devhub.com,fmarriage8v,Bolivia
dantoons8w,aomand8w@accuweather.com,wdewis8w,Indonesia
lbloyes8x,glafoy8x@pen.io,ckohnemann8x,China
hbothams8y,tbridal8y@altervista.org,dturneux8y,Zambia
bohaire8z,ytrulock8z@mayoclinic.com,bcrasswell8z,United States
adanilenko90,ddawney90@opera.com,wgreiswood90,Indonesia
sspark91,mfairebrother91@ucsd.edu,krickersy91,United States
pdullaghan92,vgirk92@cloudflare.com,cbenasik92,Tuvalu
abartkiewicz93,fmarritt93@wufoo.com,godreain93,Slovenia
ncousans94,dnatwick94@upenn.edu,mjirik94,Myanmar
slintot95,ohofer95@cdc.gov,shedingham95,Lithuania
abarnewelle96,neasbie96@imdb.com,sjiri96,Philippines
sroll97,agargett97@google.es,bdymick97,China
hcropper98,rbeckley98@archive.org,gdewerson98,China
jbirchenhead99,imalitrott99@go.com,lbrannon99,United States
thaburne9a,kmacandreis9a@ox.ac.uk,fsnowding9a,Argentina
rdumbar9b,chebditch9b@businesswire.com,bcombe9b,France
aduchateau9c,ggussin9c@uiuc.edu,mlecount9c,Greece
kfrotton9d,clorand9d@icq.com,gcaurah9d,China
tmaseyk9e,bfarish9e@artisteer.com,jalred9e,Philippines
fkoop9f,mdanilyuk9f@amazon.co.uk,ckapiloff9f,Indonesia
mslaten9g,ehairsine9g@mayoclinic.com,cgristhwaite9g,Poland
ryegorev9h,bcushion9h@deviantart.com,nerrichi9h,Greece
hgarnam9i,ngoodredge9i@irs.gov,dedie9i,Argentina
fmilham9j,afuchs9j@arstechnica.com,mconyer9j,Poland
bgladebeck9k,kbuckby9k@un.org,bhauger9k,Brazil
obeaconsall9l,aminihane9l@blinklist.com,blerwell9l,Czech Republic
csmitheram9m,pdovington9m@intel.com,sgreenleaf9m,Russia
sburne9n,heckels9n@indiegogo.com,vcarling9n,China
cbrislawn9o,jcersey9o@parallels.com,cwimsett9o,Peru
tsonnenschein9p,osandhill9p@gmpg.org,emcmenamin9p,Jordan
zzarb9q,aesch9q@miitbeian.gov.cn,hhugill9q,Portugal
apiercy9r,ckasbye9r@jiathis.com,djorissen9r,Philippines
ddumbrall9s,vmiddis9s@marriott.com,wberens9s,China
nfolder9t,mwadhams9t@ihg.com,diacopini9t,Indonesia
nsecrett9u,zlineham9u@adobe.com,lqualtro9u,Brazil
rcollister9v,mbenardet9v@last.fm,fdavidovici9v,Sweden
whargerie9w,tkarel9w@reuters.com,tbonn9w,Poland
mbirchenhead9x,clionel9x@exblog.jp,esurgen9x,France
rmead9y,prenahan9y@zdnet.com,mwynett9y,Russia
uclausewitz9z,tlewsam9z@soundcloud.com,nbrownsmith9z,Costa Rica
jdraayera0,jinkera0@slideshare.net,mpeggsa0,China
xwindera1,scoventrya1@wordpress.org,rlivingstonea1,China
jhoyera2,cingerfielda2@umich.edu,ncamellinia2,Nicaragua
cwinspeara3,cbarffa3@artisteer.com,kschultheissa3,Portugal
iaddsa4,csimkovicha4@go.com,nkosiadaa4,Indonesia
dowbridgea5,hhardcastlea5@hhs.gov,cpedria5,France
mdunstona6,bbroscha6@com.com,berrigoa6,Indonesia
kjohna7,ymadderna7@senate.gov,zyerralla7,Czech Republic
kloucaa8,nutleya8@e-recht24.de,tdewintona8,Brazil
ssogga9,aweddella9@springer.com,mbroadista9,Peru
bnuddaa,hlottaa@ebay.co.uk,kkrystofaa,Chile
twollandab,vdarlowab@edublogs.org,mharnerab,Belarus
jshemiltac,adiperausac@utexas.edu,sbrozssetac,Indonesia
mparcellad,lcaserad@goo.ne.jp,lsedgemondad,Brazil
hnewnsae,tstopforthae@imdb.com,lbrakespearae,Nigeria
swolfendellaf,ocookeaf@tinypic.com,bpellattaf,Thailand
dsherwynag,wkearfordag@tmall.com,dullrichag,China
ktootinah,jstablerah@ibm.com,hhuishah,Vietnam
ayeelesai,keckeryai@mtv.com,pbyarsai,Brazil
lmartynsaj,cekeaj@bigcartel.com,koxxaj,United States
jdurnanak,lgatesmanak@facebook.com,rbrunaak,Portugal
mtoolinal,carbonal@linkedin.com,wmcandieal,Poland
mbodycombeam,slistonam@pbs.org,xfordyceam,Brazil
dkilneran,psinclaran@bravesites.com,rjandourekan,Senegal
gsherrocksao,gcuniffeao@cnet.com,bodonohueao,Peru
srameap,elinnerap@liveinternet.ru,ndugdaleap,France
gburnelaq,dmelburgaq@stumbleupon.com,alindenmanaq,Russia
aormstonar,styear@tripadvisor.com,obissettar,Albania
fvoaseas,kvenessas@cmu.edu,jmessieras,Poland
fduckhouseat,dwheelikerat@nymag.com,rposchelat,China
jolunneyau,oraynesau@hugedomains.com,ipaoliau,Brazil
dmardlingav,nclinkardav@miibeian.gov.cn,jparadineav,Portugal
bpevieaw,fgillinoaw@economist.com,polechnowiczaw,China
cswalwelax,crustedax@auda.org.au,mdulakeax,Poland
mreeveleyay,tmealhamay@tumblr.com,ehugoay,Indonesia
gmackaileaz,dhessayaz@bloglines.com,tchadwellaz,Philippines
jgouldthorpb0,jcaberab0@webeden.co.uk,apickavanceb0,Portugal
ebilofskyb1,ssmithinb1@netvibes.com,cshurmanb1,Greece
pnowlanb2,mbellowsb2@bluehost.com,kzamboninib2,Spain
ibumphriesb3,bnorquoyb3@umn.edu,hduntonb3,Mongolia
npercyb4,lannearb4@eventbrite.com,jbenneyworthb4,Serbia
vaysikb5,pworrallb5@samsung.com,ashalcrosb5,Poland
bmcnirlanb6,lkettowb6@netscape.com,jshegogb6,Madagascar
cgillisonb7,rgaberb7@kickstarter.com,siacobaccib7,Democratic Republic of the Congo
mwildboreb8,rmangeneyb8@uol.com.br,gfeeheryb8,Croatia
fdonneb9,amcalarneyb9@businesswire.com,nschelligb9,Argentina
lkesperba,cbresnerba@google.it,ocastanagaba,Gambia
bcharterbb,dmargerybb@cdc.gov,khoultonbb,Bulgaria
jsaingbc,jpirreybc@samsung.com,zoattesbc,Macedonia
bcridlanbd,pkinderbd@ning.com,ktinsleybd,Czech Republic
jbisetbe,zphelipsbe@vimeo.com,wantonybe,China
mfilippibf,strippbf@imgur.com,filyinskibf,Guatemala
rmcandrewbg,dwaggebg@nba.com,klambswoodbg,Russia
lphilipetbh,blidstonebh@skyrock.com,dpickerinbh,Croatia
trollettbi,ngaugebi@w3.org,opetrichatbi,Sweden
ldragonbj,gregusbj@weibo.com,ggrimmertbj,Indonesia
uschouthedebk,ssincockbk@dmoz.org,ibowaterbk,China
ncristofaninibl,pblazabl@google.com,mpaffettbl,Poland
rdanslowbm,gcastelotbm@barnesandnoble.com,bskillandersbm,Indonesia
mstillgoebn,wkiellorbn@columbia.edu,vjurickbn,Brazil
pdoddrellbo,aconcannonbo@ucoz.com,arolancebo,Brazil
hedgeonbp,cbaumbp@nsw.gov.au,vmatitiahobp,China
mzannuttibq,mmacdavittbq@hao123.com,sdettmarbq,Sweden
pdelacourtbr,rspavenbr@geocities.com,isproulsbr,Brazil
ldraysonbs,bpurchasebs@shutterfly.com,azapaterbs,Indonesia
dtongsbt,blavignebt@hud.gov,cislepbt,Afghanistan
spoatbu,mgradwellbu@hp.com,lhubeauxbu,Taiwan
jcardnobv,mmilnesbv@ow.ly,ysellarsbv,Greece
cmushettbw,dbrookerbw@sbwire.com,smaevelabw,Sweden
tahrendsenbx,bgillambx@shutterfly.com,ptottlebx,China
fvliesby,ucleatherowby@google.ru,ljelfby,United States
ypendredbz,rbrickellbz@utexas.edu,tredgatebz,South Korea
crizzottoc0,rduckersc0@about.me,cgoanec0,Sweden
mcharlottec1,rbonnarc1@va.gov,mochiltreec1,Poland
mloxdalec2,ahartshornc2@mtv.com,adewolfec2,Portugal
sbolderstonec3,nandraudc3@berkeley.edu,jgricec3,Zimbabwe
asausmanc4,mpeerc4@prnewswire.com,cthiesc4,China
mmelluishc5,evialsc5@slate.com,mbarrittc5,United Kingdom
vtordoffc6,ddooganc6@parallels.com,aarseyc6,Japan
farriguccic7,ckingabyc7@exblog.jp,bsellwoodc7,China
asteffanc8,halibertic8@sakura.ne.jp,fjennawayc8,Philippines
rfirpic9,rtremblayc9@ucoz.com,hvialsc9,Portugal
vyashanovca,lcornillica@bizjournals.com,jsivyerca,Somalia
gclassencb,ggeorgcb@amazon.co.jp,ewardlawcb,Norway
msollycc,agaveltonecc@bigcartel.com,aburburycc,China
scasoncd,ccluescd@china.com.cn,ntoyecd,Slovenia
cmcfaulce,tjenneyce@google.es,ghandce,United States
ntrussecf,arobuchoncf@privacy.gov.au,mbowlingcf,Bulgaria
pharmondcg,aaldrencg@mayoclinic.com,cbuttreycg,Argentina
msadatch,jsothcottch@tripadvisor.com,nallchinch,Poland
rtharmeci,nmollonci@sciencedirect.com,esleefordci,Ukraine
aloachheadcj,jsoarescj@fc2.com,vmorrishcj,Finland
kgormanck,cdumingosck@php.net,volivick,Canada
rbolamcl,cposselcl@vistaprint.com,laldrittcl,South Africa
lmynardcm,tstittcm@netlog.com,mhubbardcm,China
ephantcn,sdomelowcn@wix.com,oharcarsecn,China
ksphinxeco,elloydwilliamsco@bbb.org,ibourchierco,Peru
chisemancp,cstaddoncp@answers.com,hsikorskicp,Japan
gorchartcq,ksummersidecq@topsy.com,pmaslincq,China
bbecketcr,bpockeycr@tiny.cc,tfroodcr,China
jloudwellcs,ghuguetcs@edublogs.org,akerncs,Latvia
cbartropct,ucabottoct@fema.gov,cvarfalameevct,Yemen
ptimpanycu,kbuchanancu@bluehost.com,awelsbycu,China
hskaidcv,thackincv@vkontakte.ru,zkarppicv,Poland
eneilandcw,kjosilevichcw@1und1.de,gpechacw,Thailand
bzamorranocx,dekkelcx@eepurl.com,rdowreycx,Mexico
cconfortcy,fguerriercy@ovh.net,fbarclaycy,France
bchiccocz,jmcconnalcz@com.com,dolivacz,United States
tgribbelld0,wfairholmed0@xrea.com,wpetracekd0,Philippines
spetrd1,pemminsd1@icq.com,kgravyd1,Argentina
dmorettod2,nbottelstoned2@statcounter.com,bmccarld2,Thailand
vleworthyd3,gvasilechkod3@economist.com,kriepd3,Poland
jmcgilvrad4,okitchenerd4@furl.net,spannamand4,Tunisia
gstaleyd5,mgroucuttd5@prlog.org,ehumpaged5,Indonesia
cbarouxd6,zizkovitchd6@purevolume.com,dsaddd6,France
arobertazzid7,asparshattd7@wordpress.org,mgatrelld7,China
cramelotd8,scantrelld8@merriam-webster.com,tphilipsohnd8,Indonesia
sforseyd9,jgamild9@craigslist.org,fmorrisd9,Belarus
rpebworthda,alackieda@nationalgeographic.com,aelsmorda,Mexico
ccisselldb,tmcquilliamdb@google.com.br,wcooldb,Greece
lendeandc,bfritschmanndc@cisco.com,aaimdc,Greece
ljoerningdd,ccastelotdd@alexa.com,mrizzolodd,Peru
sdiablede,shuebnerde@rakuten.co.jp,hbramontde,French Polynesia
amccourtdf,bmenchentondf@w3.org,rmuscatdf,Norway
dokeefedg,epaulingdg@diigo.com,obenthalldg,Albania
jpurdomdh,bkanedh@japanpost.jp,dkeunedh,Brazil
ncanedodi,agerrydi@cyberchimps.com,ghogbindi,Norway
nshubothamdj,cgatchdj@spotify.com,rkennallydj,Indonesia
apidondk,dpennickdk@t-online.de,gcarroldk,China
tzealanderdl,rcurtaynedl@blogs.com,sbalharriedl,United States
kjarrolddm,kangelodm@statcounter.com,hdeathedm,China
eocrevydn,gbrookesbiedn@furl.net,jtirrelldn,Thailand
vbuschdo,kpossedo@pagesperso-orange.fr,srockdo,Poland
beskriggdp,hbothamsdp@ycombinator.com,llowaterdp,Philippines
bslimmondq,nnearsdq@indiatimes.com,asyplusdq,Indonesia
wcasebournedr,ckenealydr@kickstarter.com,kcullingworthdr,Panama
tthornewillds,jgeeritzds@arstechnica.com,egarlicds,China
aquinnelldt,jnowickdt@miibeian.gov.cn,cbartholomausdt,Indonesia
alambertsdu,sgrasdu@twitter.com,tgottdu,Czech Republic
smcdougledv,plesordv@multiply.com,ccorrisdv,Thailand
sdunseathdw,ncruickshankdw@google.it,vpithiedw,Portugal
kdosedaledx,ugornaldx@gnu.org,mredfearndx,China
tdrucedy,hchiltondy@com.com,cboyfielddy,Czech Republic
aceillierdz,dvaszolydz@livejournal.com,dlewsleydz,Yemen
llargente0,kfawloe0@cyberchimps.com,rgeartye0,Russia
kgricewoode1,bmerrikine1@washingtonpost.com,emckirtone1,China
jgeerlinge2,jheakee2@mozilla.com,ecathraee2,Jamaica
lhubbersteye3,mbernocchie3@mayoclinic.com,pgatee3,Thailand
anicholsone4,nnoore4@fc2.com,tsegeswoethe4,Norway
tbouldere5,rakestere5@opensource.org,kjobkee5,Syria
acoskerrye6,cyablsleye6@ca.gov,esigsworthe6,Japan
khazelgreavee7,mfitche7@abc.net.au,apuese7,Czech Republic
lcavanaughe8,sdehooghe8@buzzfeed.com,mohanleye8,Czech Republic
cfinklee9,gculkine9@ehow.com,swrittlee9,Sweden
obaumertea,hhalshoea@nsw.gov.au,deslandea,United States
cduffeb,acarnsoneb@abc.net.au,gcarriageeb,China
wgabbitusec,ojedrychec@furl.net,prozyckiec,Indonesia
cpellamonutened,hbabbered@examiner.com,smcalistered,Nepal
whyndmanee,ahelstromee@cmu.edu,jobraddenee,Malaysia
psymersef,fjanosevicef@seesaa.net,lburdisef,Indonesia
rhobbeneg,dzanardiieg@rakuten.co.jp,cshellumeg,Philippines
spleweseh,cslatoreh@ameblo.jp,faddieeh,Yemen
laspeyei,vrickhussei@webnode.com,kschwandtei,Russia
jfenichej,ncordeauej@plala.or.jp,staffeeej,China
rthalek,wfrickek@gnu.org,twesleyek,Portugal
jpasleyel,mkannel@digg.com,jgasconeel,Poland
mfaireem,hansterem@friendfeed.com,dtestinem,Indonesia
tdukesen,eclelleen@netscape.com,dhaxellen,Indonesia
cfeirneo,aroddereo@a8.net,fchorleyeo,Thailand
wbladgeep,aweltonep@canalblog.com,vlapwoodep,Indonesia
pbulliventeq,ewandeq@prnewswire.com,xbarrackeq,France
abenardetteer,jmullanyer@hostgator.com,btidder,Indonesia
gblunkettes,mbuglares@artisteer.com,ejocices,Nigeria
jamooreet,hmacterrellyet@storify.com,gfealeyet,Yemen
lharremaeu,oharbyeu@webnode.com,asmolaneu,Indonesia
fsargersonev,tbeaneyev@ask.com,troyallev,Mongolia
ijanzenew,cselfew@accuweather.com,khussetew,Ukraine
rkelshawex,mgildersex@dagondesign.com,sgrindallex,Canada
berteltey,jbykey@goo.gl,spedeley,Philippines
cthewlessez,gtheriotez@berkeley.edu,fiskowerez,Guatemala
rdrakersf0,krustichf0@unesco.org,egreestf0,Canada
rnobbsf1,wledramf1@github.com,cgreenfieldf1,China
tdeaguirref2,mryalf2@bigcartel.com,lvigorsf2,Montenegro
pyukhninf3,zdudingf3@nsw.gov.au,gthinnf3,Indonesia
jmewettf4,sknowltonf4@cbslocal.com,cdumbletonf4,Russia
llinkf5,cszimonif5@usatoday.com,cstandfieldf5,China
lcanof6,jeisikovitshf6@webmd.com,asedgemanf6,Thailand
anorsisterf7,ddorneyf7@live.com,sfrainef7,China
nglenwrightf8,dtebbsf8@sogou.com,nsalvidgef8,France
dfishf9,akleinfeldf9@google.es,kgoodburnf9,Thailand
tcarofa,bloftiefa@soundcloud.com,hlongmeadfa,Philippines
wgiovannellifb,mscroggsfb@hhs.gov,kborlandfb,China
sriccardofc,bganfordfc@gnu.org,obarsonfc,Denmark
vpilsworthfd,eligginsfd@nifty.com,cstollenbergfd,Russia
cjoryfe,tjillinsfe@sfgate.com,hbraemerfe,Brazil
ileaburnff,cstainburnff@scribd.com,lwoodroffff,Mexico
mmcnessfg,risaacsonfg@ucla.edu,bgusneyfg,Russia
asackesfh,kjobkefh@lulu.com,lnormandfh,Mongolia
nbeddoesfi,egaskillfi@slashdot.org,dwoakesfi,Colombia
acrossgrovefj,bvirginfj@prlog.org,tivanyukovfj,Azerbaijan
hhuntfk,apaolinellifk@tinypic.com,rhillattfk,Portugal
gepiletfl,bnowlanfl@reference.com,cpomfreyfl,Argentina
dmalcherfm,cforsythefm@whitehouse.gov,rarrowsmithfm,Indonesia
yliddingtonfn,mtissimanfn@prweb.com,hplacefn,Russia
ekarolovskyfo,pbeinischfo@mit.edu,abullockefo,Indonesia
tstearnefp,ttavernerfp@apple.com,dtimblettfp,China
dsangrafq,bitzkovichfq@wix.com,tarnleyfq,Canada
lromainefr,pmcgeeverfr@forbes.com,lblaxlandfr,China
sstedmondfs,ghegdonnefs@github.com,mpaigefs,China
awhitterft,nbartaluccift@yahoo.co.jp,hrothft,Brazil
sfrancescuzzifu,crawnsleyfu@webs.com,bbutlandfu,Dominican Republic
arowlingsfv,njaksicfv@wp.com,afindlaterfv,Philippines
jcartnerfw,hmierefw@biblegateway.com,cbriddlefw,Indonesia
lcastanyerfx,bfoylefx@gizmodo.com,gmoulesfx,South Africa
svernazzafy,eselbornefy@facebook.com,hdaverenfy,Canada
doxtebyfz,yslesserfz@upenn.edu,wstutefz,Indonesia
lsaichg0,bpirieg0@tiny.cc,lenderleing0,Vanuatu
aroseboroughg1,lrushbrookeg1@deviantart.com,hdopsong1,Panama
wsheerang2,smcglewg2@nature.com,triseleyg2,United States
maleevyg3,darmallg3@example.com,mmatejg3,China
orubenovg4,ecarillog4@diigo.com,ikaliszewskig4,Iran
tmacgorrieg5,eheinreichg5@mit.edu,bwelbourng5,China
djoannidig6,sgreensteadg6@ucoz.ru,kmerrieng6,Sweden
swalisiakg7,abreagang7@redcross.org,dscampg7,Portugal
aloryg8,borknayg8@patch.com,vkillockg8,China
jgeelyg9,eclaveyg9@constantcontact.com,kfrunksg9,Kosovo
nblethinga,ccribbinga@ehow.com,dyakebovichga,Indonesia
kmerwoodgb,nlearmonthgb@digg.com,ccarnegygb,Yemen
evaengc,ehillumgc@nationalgeographic.com,gcalendergc,Russia
rblunsdengd,nderdesgd@exblog.jp,tmccurriegd,Madagascar
lconboyge,mwarmange@intel.com,lfeaversge,China
kbladgegf,gocannongf@uiuc.edu,hhemphreygf,Peru
amanesgg,jtoffettogg@goo.gl,rtavernergg,Argentina
nhatherleygh,btummondgh@nyu.edu,kfooksgh,Russia
mcavanaghgi,aoakleygi@ezinearticles.com,jmcilwrickgi,Myanmar
seisiggj,pretallickgj@live.com,cgiacomogj,China
pemtagegk,scondellgk@ameblo.jp,cwisdomgk,Japan
pfrentzgl,mjeandillougl@people.com.cn,vodonegangl,China
tventumgm,rgoranovgm@hatena.ne.jp,gstarkiegm,China
djarrittgn,sgodfreygn@sciencedirect.com,gconerongn,Indonesia
yyurukhingo,mmatignongo@slate.com,bpieronigo,China
gapflergp,ilinggoodgp@technorati.com,lraffangp,Indonesia
kkoppgq,tbinesgq@loc.gov,athundermangq,China
icorngr,mlabounegr@barnesandnoble.com,gstygallgr,Ukraine
bdilksgs,sadaminigs@clickbank.net,mgiggsgs,China
sgrindellgt,bmacalpingt@japanpost.jp,fbrigstockgt,Indonesia
awittgu,chumblegu@nifty.com,tgaddiegu,Ukraine
dfollacarogv,dsporgeongv@guardian.co.uk,snurnygv,Armenia
eborrowgw,cremergw@mapy.cz,aculbertgw,Philippines
mpendrighgx,vlormangx@live.com,ochampegx,Sweden
wpaultongy,gkilcoynegy@blinklist.com,bbabbagegy,Indonesia
tburdittgz,eshrawleygz@forbes.com,egerreltgz,China
jclappisonh0,bmartellh0@businessweek.com,vgorgesh0,Yemen
cjellemanh1,dkinseyh1@bing.com,lgrimsteadh1,Bolivia
ppawelkeh2,vstearnesh2@newyorker.com,sgodboldh2,North Korea
cwallerh3,vmcgaugheyh3@constantcontact.com,rchapiroh3,China
fnellenh4,mnortunenh4@mozilla.com,lmeeksh4,Brazil
sdoxseyh5,ihubbardh5@quantcast.com,bludyeh5,Indonesia
jschneiderh6,yboggash6@irs.gov,atremonteh6,China
gwinterscaleh7,wfrankcomh7@cdbaby.com,jcockshoth7,Belarus
mmarkeyh8,gsteelyh8@feedburner.com,kyakobowitchh8,China
meddisonh9,qpalombah9@nba.com,vmerritth9,Haiti
gsteerha,ostubbsha@gnu.org,kberanekha,Indonesia
ycroadhb,dmowsleyhb@google.co.jp,sdibberthb,Indonesia
kpellingarhc,ebemlotthc@apple.com,peaglandhc,China
vmationhd,lcroptonhd@godaddy.com,tsquireshd,Philippines
bgreenhousehe,bsailhe@seattletimes.com,rrisbiehe,Kenya
jnewlynhf,amorrallhf@squidoo.com,pkolinhf,Netherlands
fmapletofthg,kmcalesterhg@plala.or.jp,ldegenhardthg,China
kwhitewayhh,tgiampietrohh@archive.org,kfukehh,Russia
jstandagehi,rolenikovhi@wufoo.com,hcosgravehi,China
tbrowellhj,ozinckehj@omniture.com,hfancehj,Poland
gkingshotthk,rmccorleyhk@tuttocitta.it,ckowalskihk,France
kdyerhl,amyriehl@dyndns.org,bbrandomhl,Portugal
biacovuccihm,sbullanhm@japanpost.jp,bstatterhm,Philippines
dmateikohn,gmawtushn@about.com,dboasehn,Indonesia
lcattellho,scarollho@time.com,paffusoho,Portugal
ibehnehp,evanbrughhp@hc360.com,hbourkehp,China
tnieasshq,dvanderplashq@wired.com,mnafzigerhq,Myanmar
eroakehr,vraitiehr@sina.com.cn,dfrankemahr,Mauritius
grankmorehs,jgeggushs@yellowpages.com,rtuckhs,Germany
ostranahanht,kbulleht@last.fm,rhalliboneht,Burkina Faso
rbarbrickhu,ohulletthu@amazon.co.jp,hdancerhu,Indonesia
jcoathv,ghasneyhv@oracle.com,nbeagriehv,Mongolia
lstonerhw,gcollopyhw@huffingtonpost.com,odahlgrenhw,Russia
dbrakehx,agodinhx@bravesites.com,hcaselickhx,Russia
hbullinhy,cperkishy@squidoo.com,shabbonhy,Brazil
epipethz,mchritchlowhz@tmall.com,acheatlehz,Indonesia
juanstudent,juanm.davila@urosario.edu.co,rosario1234,China
gsheatheri1,agadiei1@oaic.gov.au,gquerrardi1,Uzbekistan
gpalleskei2,hrachuigi2@epa.gov,ncharloti2,Thailand
jdowthwaitei3,uverilloi3@hud.gov,hblunei3,Kosovo
aalabasteri4,kpawdeni4@bloomberg.com,knaglei4,Norway
dvernii5,mgaveltonei5@irs.gov,kburrili5,China
lshaylori6,sedseri6@foxnews.com,astanleyi6,Philippines
fcrafteri7,aweskeri7@flickr.com,chamneri7,Indonesia
zveldei8,csquieri8@globo.com,rbrumbyi8,Indonesia
llydoni9,jklampti9@npr.org,gwartersi9,Malaysia
etrevenaia,ilandisia@google.com.hk,jrummeryia,China
lromanskiib,fmanuelliib@umn.edu,earmandib,Jordan
mbowtonic,vhardwayic@wix.com,ttrittamic,Afghanistan
asheaberid,tbarbrickid@arizona.edu,dtwiningid,Peru
rwedmoreie,rlegoodie@printfriendly.com,bcaulcottie,Brunei
twordesworthif,bdaviesif@springer.com,eboorif,Russia
haubreyig,mkolinskyig@is.gd,dnisenig,South Africa
thuntressih,sstutterih@sphinn.com,aspikingsih,Brazil
hholsallii,mogdenii@miibeian.gov.cn,astavesii,Greece
mdemitriij,nkaesmakersij@nps.gov,mtwyfordij,China
cbeavesik,mcroizierik@google.ca,bpepperdik,United States
jjohnseeil,kscholaril@auda.org.au,wsloanil,Peru
gmcgeochim,bswadlingim@irs.gov,isayreim,United States
ecampein,wgilardengoin@netlog.com,bstrutherin,Russia
ktwiningio,jsugarsio@stumbleupon.com,tsutterfieldio,France
rfogelip,cinsollip@nationalgeographic.com,ddenyip,Honduras
gdenslowiq,cboodleiq@biblegateway.com,mroozeiq,Russia
waddyir,ciacopiniir@businesswire.com,hpeaceir,Russia
nroakeis,rvonhindenburgis@myspace.com,bdotsonis,Portugal
jemsdenit,ldelatourit@yolasite.com,trawlinit,Czech Republic
afilyukoviu,bvanesiu@google.es,vkaufmaniu,Finland
czuteiv,tohanniganiv@cornell.edu,aplowmaniv,Djibouti
rbrimacombeiw,skemsleyiw@shutterfly.com,wfretteriw,Pakistan
lseamanix,galdwickix@fc2.com,cemerix,Russia
bcawstoniy,searpiy@opensource.org,hliepinsiy,Democratic Republic of the Congo
gchurchardiz,rparissiz@google.pl,jjedrasikiz,China
fwehnerrj0,ffehnerj0@deviantart.com,khuntlyj0,Aland Islands
penneverj1,mjimmisonj1@about.me,dmiddlehurstj1,Argentina
tgearej2,egapperj2@hostgator.com,credbornj2,Venezuela
ghamorj3,bscampionj3@ow.ly,rskinglej3,Philippines
bgrocuttj4,kolenovj4@wikipedia.org,atoopj4,United States
rlittlepagej5,kbertrandj5@jalbum.net,mclitheroej5,Portugal
asherrattj6,lkenninghanj6@ihg.com,lhalvorsenj6,Iraq
rlancetterj7,cmeinekingj7@cpanel.net,zstringerj7,Panama
nmilleryj8,tocurranj8@diigo.com,eviolletj8,Peru
msimonazzij9,pchasterj9@hugedomains.com,jtittershillj9,China
ypasticznykja,jhellingsja@shop-pro.jp,aaudasja,China
rardyjb,dmeaghjb@comsenz.com,dmeirjb,Argentina
lhowsejc,vowenjc@123-reg.co.uk,rcowljc,Ivory Coast
sgillamjd,fpetrosellijd@myspace.com,mludgrovejd,Sweden
ljackettje,bsearlesje@china.com.cn,rsalthouseje,Tanzania
krigatejf,cgazeyjf@odnoklassniki.ru,fmashjf,Sudan
fphilpaultjg,kmaudsonjg@patch.com,llightwoodjg,Indonesia
tannicejh,rdallmannjh@example.com,mrawsthornjh,China
tsloperji,hdrowsfieldji@wordpress.com,jcocksedgeji,Nicaragua
mbastianjj,webornjj@acquirethisname.com,gealamjj,Peru
ksauvanjk,mstrognelljk@sun.com,agaskenjk,China
smcgraffinjl,dtwiggsjl@i2i.jp,denockssonjl,Czech Republic
udoogjm,vroblinjm@wunderground.com,hfurmongerjm,Argentina
jradmorejn,cscotcherjn@china.com.cn,rmoodyjn,Portugal
jgozneyjo,ldonetjo@nationalgeographic.com,dbysouthjo,Indonesia
oseakesjp,fbourgeoisjp@elegantthemes.com,lgrundonjp,China
lhuetjq,vkohrsenjq@hugedomains.com,chelstromjq,Indonesia
rplayhilljr,rprobatejr@simplemachines.org,hcornelisjr,China
amannoochjs,ahurlestonejs@ask.com,avliesjs,Mexico
steshjt,lavrahamovjt@lycos.com,akittmanjt,Peru
ncraighallju,nmeusju@youtube.com,ttawnju,China
mronaynejv,nhirtzmannjv@narod.ru,aeseljv,Indonesia
rfoulkesjw,aloughjw@spiegel.de,mseeneyjw,China
adurramjx,llantiffjx@uol.com.br,rmcnairjx,Peru
acastellsjy,jdalgetyjy@abc.net.au,mattriejy,Nigeria
reldrittjz,rbiasottijz@harvard.edu,egillilandjz,Portugal
dredsellk0,jsailsk0@upenn.edu,nwestcotk0,Belarus
wmattussevichk1,rrowthornek1@businessweek.com,hbettaneyk1,Russia
ltiddemank2,lcouchmank2@thetimes.co.uk,rjaslemk2,France
tgreenlandk3,kgaltonk3@360.cn,nmayburyk3,France
kdelamark4,swaycottk4@marketwatch.com,wnoorwoodk4,China
whearleyk5,vcanwellk5@acquirethisname.com,amaffeik5,Russia
kbilhamk6,dlosebiek6@gmpg.org,ecarnellk6,France
ashawek7,wwestburyk7@mapquest.com,stattershawk7,China
gbartoschk8,fcansdalek8@amazon.co.uk,rcorkettk8,Panama
mbarthrupk9,jgamilk9@japanpost.jp,lphalipk9,Libya
rgratrexka,wtraverska@webs.com,jwoodlandska,Philippines
stibbkb,gcouvekb@macromedia.com,rdinnieskb,Nigeria
jmckeemankc,lhelversenkc@symantec.com,ksaffekc,Pakistan
egoodenoughkd,mbeckerkd@ucla.edu,bcroizierkd,Russia
odebrickke,kpaulackke@people.com.cn,mhaddyke,Indonesia
btongekf,shelsdonkf@meetup.com,ahammondskf,Indonesia
yplattskg,degglestonekg@hexun.com,dmaconkg,China
adoagkh,ekrahlkh@imgur.com,sklugmankh,Vietnam
rsharplesski,slownki@epa.gov,fmelbyki,Russia
akyleskj,pwurstkj@devhub.com,lmacnellykj,Poland
koakinfoldkk,lwhichelowkk@addtoany.com,srallingskk,China
gduckittkl,nkerbykl@opera.com,lchaizekl,Pakistan
mmushetkm,ctashkm@cafepress.com,adoogankm,China
rschutzekn,rpantingkn@drupal.org,keasmankn,Indonesia
hheareko,mmcelweeko@livejournal.com,kmarlerko,China
bstenerkp,bbiggarkp@topsy.com,tbrigstockkp,Malawi
sparamorkq,tgallawaykq@amazon.de,ctoddkq,Czech Republic
ifarreilkr,lperaccokr@rambler.ru,hdigglekr,Sweden
lohartaganks,cmoormanks@mayoclinic.com,ekleinmintzks,Indonesia
mtregennakt,cheindrickkt@theglobeandmail.com,fbeldumkt,Yemen
hwranklingku,bvandenoordku@csmonitor.com,hledekkerku,Netherlands
adorrekv,spointonkv@auda.org.au,bnaughtonkv,Brazil
bgillhamkw,odoucettekw@yale.edu,jarnalkw,Indonesia
csharkeykx,ljanskx@xing.com,dfraykx,China
dianittelloky,jchithamky@ehow.com,klorentky,Bolivia
cmatteokz,pbeecroftkz@clickbank.net,springleykz,China
gghiraldil0,ckemetzl0@epa.gov,bkollachl0,Thailand
ystovinl1,nlileyl1@usnews.com,acarisl1,Colombia
olawleel2,jrandlesomel2@1688.com,wdufourel2,Ukraine
kricardotl3,cberzonl3@g.co,eshervill3,China
ostollil4,melsdonl4@privacy.gov.au,cdrewetl4,Macedonia
hgaskalll5,cshielll5@mapy.cz,jpeirsonl5,Sierra Leone
nhymerl6,twhinrayl6@berkeley.edu,aharrowingl6,Paraguay
mclynel7,gdesboroughl7@phpbb.com,cbilaml7,Portugal
aaronl8,rjewisel8@answers.com,lkarslakel8,Brazil
jtatlockl9,nmackainl9@people.com.cn,gstadingl9,China
tmarnanela,dcapnorla@sbwire.com,wledstonela,Indonesia
hmattschaslb,asnoxelllb@yahoo.com,dcuredelllb,Philippines
lgrebnerlc,gbestwerthicklc@mac.com,dbuckneylc,Libya
drozld,lladsonld@usda.gov,dtotterdillld,Indonesia
kgilmartinle,cantonomolile@tripod.com,rbelfitle,Indonesia
broydenlf,ehurnelllf@umich.edu,hlippettlf,Russia
wfaithfulllg,sgeldartlg@ebay.com,korpinlg,Philippines
tlavignelh,bpiertonlh@dailymotion.com,atretheweylh,China
hcoultassli,mwoodyerli@msn.com,vbucherli,Philippines
abengochealj,hrosenwaldlj@nasa.gov,teustislj,Argentina
cfernelk,ajacksonlk@mapquest.com,ysheenlk,China
adubsll,dlaethamll@mozilla.org,briball,China
fbletcherlm,fpailinlm@biglobe.ne.jp,sbruggerlm,Azerbaijan
wguiseln,nvaudln@simplemachines.org,ssappellln,Indonesia
mtackettlo,hwhitbreadlo@weebly.com,lgroganlo,Tajikistan
gseftonlp,rgoodbylp@privacy.gov.au,spetrushankolp,Russia
rlebarrlq,dtaguelq@telegraph.co.uk,mjerrandlq,Indonesia
bmcgoldricklr,ahaberchamlr@slideshare.net,aromaynlr,China
ltippingsls,sradenls@liveinternet.ru,lgoodrichls,China
jhatzarlt,lfergussonlt@fda.gov,rpeckettlt,Chile
rwilborelu,ocordsenlu@phpbb.com,qlasseterlu,Japan
kkenewellv,pgraslv@tamu.edu,wdittsonlv,France
rswensonlw,rmalpasslw@w3.org,lsarlelw,Russia
epauluslx,gmoseleylx@usnews.com,rperagolx,Indonesia
ascamply,orothly@arizona.edu,bdebrokely,Japan
usmailelz,thutchasonlz@admin.ch,rdobrowolskilz,China
spenrittm0,esummersm0@addthis.com,ddennym0,Laos
fcabbellm1,tstanbram1@utexas.edu,wtalksm1,Nigeria
dbefroym2,mshelfm2@disqus.com,cadamikm2,Philippines
jbattenm3,izecchiim3@cornell.edu,mjatczakm3,Japan
tkuschelm4,rwhitebreadm4@newsvine.com,dbleasem4,Canada
nburrellsm5,afoloninm5@globo.com,cschwierm5,Nicaragua
xshawem6,rkeaseym6@bbb.org,rkiralym6,China
kclardgem7,rharmonm7@jigsy.com,kgritsunovm7,Malaysia
eschubertm8,karonowitzm8@geocities.com,cquernelm8,Indonesia
sharbidge9,lsanperm9@upenn.edu,slloydsm9,Brazil
cdrysdallma,fblandamerema@youtu.be,fskoulingma,Indonesia
chulburtmb,bhanckemb@skyrock.com,phellyarmb,Afghanistan
bcoileymc,wtroutbeckmc@oaic.gov.au,hfairbournemc,Mexico
kkilianmd,tshoreymd@ftc.gov,bbleslimd,Philippines
tfigginsme,gbengoecheame@ebay.com,tmaynellme,Canada
uhassewellmf,cfermingermf@google.ru,ffarnhammf,Indonesia
vfalkousmg,pgreengrassmg@google.cn,vfogelmg,Indonesia
mblackburnemh,epatonmh@mapquest.com,ostennetmh,Philippines
coglessanemi,rhillanmi@ask.com,kpolandmi,China
fsenecauxmj,orubenovicmj@csmonitor.com,hlovejoymj,Poland
bhessentalermk,fjirzikmk@unblog.fr,pketchermk,Italy
gjewessml,mcirlosml@fda.gov,tmacgrathml,South Africa
jgodehardsfmm,vpopplewellmm@arstechnica.com,bbiddlecombemm,Indonesia
vloneymn,rmolemn@nationalgeographic.com,owilcotmn,Sweden
cantillmo,jbackshallmo@umich.edu,ptigwellmo,Chile
lstocksmp,adittmp@shutterfly.com,esappellmp,Japan
ttopesmq,klauxmannmq@census.gov,bwhalesmq,Philippines
cbeckettmr,mpomfreymr@addtoany.com,kraikesmr,Kenya
mfeldbrinms,icrewms@feedburner.com,jredwinms,Ukraine
weitemt,oshyresmt@goodreads.com,jhurfordmt,China
ibranchemu,rbintonmu@princeton.edu,storrymu,China
smiallmv,dboshiermv@163.com,zoakenfullmv,Canada
rberkelaymw,cdessonmw@harvard.edu,mchewtermw,Philippines
ccaughtmx,ldobbinsmx@cafepress.com,kdaldrymx,Peru
mdoutchmy,dfantmy@is.gd,wjanekmy,Indonesia
gclairemz,tcagemz@jigsy.com,mdeguaramz,Poland
sgantn0,pofarrisn0@nytimes.com,aslorancen0,China
nlaffoleylanen1,hcongraven1@bigcartel.com,bmoldern1,Argentina
wsteartn2,nheakn2@ehow.com,ispridgeonn2,China
obrothersn3,yderhamn3@japanpost.jp,sbeldumn3,Ukraine
wpumfreyn4,sfisbyn4@issuu.com,hamarn4,China
fcuttingn5,lludlammen5@goodreads.com,oleaskn5,Zimbabwe
kcraydenn6,tsalandinon6@paypal.com,epurkinsn6,Philippines
kallanbyn7,jbosenworthn7@wordpress.com,mroobottomn7,China
pthorneloen8,cdaverann8@pen.io,mkinahann8,Indonesia
iallibonen9,mrilingsn9@un.org,bbassingdenn9,France
mgosnollna,gvolantena@gravatar.com,pmoffatna,Mauritius
rstothernb,bzappelnb@ca.gov,gmcgruddernb,Indonesia
gdurbannc,bpettersnc@xrea.com,nhuglenc,Philippines
olaughlannd,fabbetsnd@163.com,eedscernd,Iran
ihartmannne,eriteleyne@freewebs.com,druspinene,Russia
ntuppernf,rputsonnf@telegraph.co.uk,ndruerynf,Russia
rmoonng,jshrubbng@slate.com,driegerng,South Africa
lsurrnh,akleingrubnh@hibu.com,mhugnotnh,United States
cedscerni,mdeferrarini@hubpages.com,gbankhurstni,Israel
ccasselynj,tpridgeonnj@csmonitor.com,dwinstonnj,Mexico
emourgenk,mmaggsnk@macromedia.com,ssartennk,Poland
cgrowdennl,lsalmonsnl@bandcamp.com,lbrumfieldnl,China
vhaccletonnm,lleppardnm@apple.com,imagisternm,Guatemala
fdykenn,mfraschettinn@live.com,ayacobnn,China
mthyingno,rberrimanno@ibm.com,bhanbyno,Estonia
cmallardnp,bstrewthersnp@livejournal.com,lnormavillenp,China
avinnicombenq,fstrainnq@sciencedaily.com,jgoulleenq,China
sdagostinonr,hbougourdnr@macromedia.com,fclemptonnr,Afghanistan
rrapans,tmounterns@yellowpages.com,jcowlns,Argentina
ebindernt,sborgesiont@cnbc.com,lglewnt,Qatar
lmontiernu,mcicceralenu@instagram.com,ajorgensennu,Pakistan
sbanasiaknv,rlodfordnv@tuttocitta.it,feymernv,Yemen
hcordsnw,ubygrovenw@addthis.com,tklewinw,Uruguay
glardeurnx,clafflingnx@wunderground.com,npheazeynx,Portugal
mruggieriny,bgiorgioneny@latimes.com,bsargeantny,China
gkadwallidernz,jtuffellnz@de.vu,tnussiinz,New Zealand
sharmano0,hgisborneo0@msu.edu,eflockharto0,Poland
iscuphamo1,mmoorheado1@thetimes.co.uk,eessono1,Brazil
dtiptafto2,ggerardo2@addthis.com,avalianto2,Japan
tskoyleso3,awoodingtono3@bizjournals.com,lpottello3,Japan
dknottono4,lmalyano4@google.co.uk,pschadeo4,Russia
rbriamoo5,npetriko5@cafepress.com,fhowartho5,Japan
mkinradeo6,lwageno6@tumblr.com,dkiero6,Philippines
emccallumo7,ablunsdeno7@jimdo.com,gwinspuro7,Poland
jpyetto8,wchicko8@privacy.gov.au,rcouronneo8,China
rtrainoro9,bloddono9@com.com,jmacconchieo9,Belarus
nboudoa,rhoofeoa@msn.com,mstroulgeroa,Indonesia
nolliganob,fbothieob@reuters.com,pcrosserob,Indonesia
iguerreoc,aeversfieldoc@blog.com,skerwoodoc,Russia
wcamplenod,lgalegood@csmonitor.com,sboykettod,Ivory Coast
bcornejooe,bofarrisoe@posterous.com,tgoodletoe,Botswana
gshilladayof,rivashkovof@statcounter.com,gonealof,Belarus
rlittleproudog,fmumbrayog@narod.ru,mcroweog,China
mlongsonoh,gknightonoh@webmd.com,wrubbensoh,Philippines
bducketoi,ckarlssonoi@un.org,fmatiasekoi,Israel
cwinterfloodoj,solcotoj@latimes.com,tadelmanoj,Honduras
jdrillingcourtok,talcidook@simplemachines.org,acathcartok,Palau
mferedayol,lickovol@japanpost.jp,cmackaileol,South Africa
cmacuchadairom,matmoreom@hao123.com,amccreeryom,China
cgossarton,mferreiraon@zdnet.com,ljanason,Philippines
htrenowethoo,mpiersoo@home.pl,musheroo,Lithuania
dspowageop,ipenlingtonop@state.tx.us,gloudenop,China
amatchesoq,edubberoq@weibo.com,imarchoq,Croatia
tdunningor,boriginor@webs.com,wmuccinoor,New Zealand
gdurstonos,hnewellos@liveinternet.ru,bkubyszekos,Indonesia
lludwellot,cgronallerot@gizmodo.com,ltymot,China
jbonhommeou,lcoultousou@narod.ru,bjoskowiczou,Japan
lgarthov,lcundeov@jimdo.com,dlamberteschiov,Russia
achattenow,phynamow@shutterfly.com,gfairhamow,Sweden
cyanshinox,akitherox@sina.com.cn,hansellox,China
vshilitonoy,adodworthoy@marriott.com,rdoubledayoy,China
lbolwelloz,cshearmanoz@army.mil,tpipworthoz,Greece
evlasinp0,dcanavanp0@alexa.com,wkoomarp0,Argentina
chollingbyp1,coutrightp1@biblegateway.com,dpellp1,Denmark
nrubesp2,zsabbenp2@51.la,jhazlehurstp2,Tunisia
jclinesp3,rroperp3@fc2.com,vevamyp3,China
sfluryp4,bocurranep4@twitpic.com,bslineyp4,Kazakhstan
alenoirp5,beaglesp5@ustream.tv,rrickcordp5,Brazil
pcollipp6,bcantuap6@mysql.com,cwitherp6,United States
lfalloonp7,tbrislandp7@salon.com,acrowterp7,Philippines
esesonp8,dbirdsallp8@wufoo.com,hcarlettop8,China
dlegallop9,ucoakleyp9@cnbc.com,rshingfieldp9,Philippines
mgobeaupa,iraittpa@theatlantic.com,ibullerwellpa,Chad
cbyrampb,dvazpb@hud.gov,nmacneilagepb,Brazil
bmacphersonpc,gblasiakpc@wordpress.org,rspearespc,Niue
nhawthornepd,mrennoxpd@bloomberg.com,npleasepd,Paraguay
pgeevepe,hyandellpe@creativecommons.org,wmckennype,Germany
nvisepf,ogoldsbroughpf@istockphoto.com,mluckmanpf,Czech Republic
pwhitenpg,sollivierpg@amazonaws.com,tsawerspg,China
vzarfatiph,opetrouph@bandcamp.com,jglanvilleph,China
bvonnassaupi,gklamppi@macromedia.com,hsivernspi,Spain
vgoodallpj,cpervoepj@nhs.uk,nbentallpj,Czech Republic
gwahnckepk,lcoleshillpk@usa.gov,wpennellspk,Indonesia
anaultypl,iwakeleypl@cocolog-nifty.com,jmatejapl,Iran
eflemingpm,iescalantepm@sourceforge.net,bwattpm,Russia
jwyeldpn,spitkinspn@addthis.com,vshillpn,Tajikistan
elenhampo,ktoderbruggepo@whitehouse.gov,agittenspo,Colombia
jpotapczukpp,rdraperpp@timesonline.co.uk,jhinchcliffepp,Sweden
vloneypq,mfranekpq@nifty.com,rverricopq,Thailand
tinkinpr,bdunsirepr@addtoany.com,sgoakspr,Venezuela
tbestr0,esmoughtonps@list-manage.com,jswannackps,Indonesia
bforresterpt,ggreatbachpt@delicious.com,gwicklinpt,Syria
adaddpu,slinespu@smugmug.com,rjedrysikpu,Philippines
cheggspv,lallibonpv@deviantart.com,ovondryspv,China
gwythepw,aterrellypw@marriott.com,rdickonspw,China
lsellspx,dhissiepx@nationalgeographic.com,esharplingpx,Philippines
danearpy,wpawsonpy@digg.com,ewhinespy,China
jprobackpz,cbomepz@chron.com,ymeekingpz,Philippines
atarbettq0,scarnq0@unblog.fr,csnasdellq0,Philippines
ftyndallq1,gfloundersq1@boston.com,ssawdonq1,China
cpoveleyeq2,bgeorgiusq2@netvibes.com,fpumphreysq2,Philippines
bburrowsq3,cfilkovq3@furl.net,kheaphyq3,Peru
tbeastallq4,lroadknightq4@gravatar.com,jsemperq4,Tajikistan
dbaldenq5,mmasiq5@nps.gov,jgeerq5,Slovenia
relldredq6,bdulwitchq6@liveinternet.ru,dklimekq6,China
pglantonq7,dwilliamsonq7@altervista.org,sedesonq7,Indonesia
tgoningq8,mcuttingq8@dailymotion.com,qcarlanq8,Ukraine
llafflingq9,hsteblesq9@blogger.com,ccranchq9,Peru
lrosenzveigqa,nskellorneqa@oaic.gov.au,mcrossqa,Netherlands
cgrovesqb,flivezleyqb@github.com,elinfootqb,China
tbraunqc,vheliotqc@drupal.org,rorsiqc,Indonesia
dheinerqd,dkidneyqd@unicef.org,aonionqd,Portugal
ssydryqe,mspoureqe@yale.edu,jallixqe,Indonesia
aquirkeqf,rkeavenyqf@behance.net,jkiliusqf,China
sbuttelqg,hsimonianqg@xrea.com,rbennikeqg,China
splankqh,flongqh@guardian.co.uk,adwelleyqh,Poland
bcantiqi,lquestedqi@tinypic.com,hwroathqi,Canada
lradouxqj,rtzarqj@china.com.cn,fsemeredqj,China
abiermatowiczqk,mcashenqk@etsy.com,msimonaitisqk,China
jhuckerbyql,mkainzql@blogspot.com,rbetjemanql,Argentina
ebartelotqm,vlegisterqm@whitehouse.gov,bfeldqm,Czech Republic
ldolanqn,pfloydqn@shutterfly.com,shunnawillqn,Peru
rmorrisonqo,lrigbyeqo@hostgator.com,mburchqo,Brazil
yshakespearqp,kteersqp@cbsnews.com,mrissoqp,Russia
toshevlanqq,amaffeiqq@wsj.com,fbattingqq,Peru
agounardqr,sbellwoodqr@baidu.com,ahailstonqr,Philippines
aemminsqs,sblaisqs@ovh.net,fmcgrieleqs,Syria
acunneyqt,fkaasmanqt@163.com,dbillamqt,China
ecrightonqu,trossinqu@imageshack.us,obergstrandqu,China
tlivettqv,lslimmingqv@mozilla.org,aocassidyqv,Chile
cclevelandqw,smorridqw@google.ca,lhemphreyqw,Ukraine
rhastwellqx,dtomaselliqx@shutterfly.com,rganfordqx,Palestinian Territory
cadrienqy,zmitieqy@oakley.com,tromayneqy,United States
raustingqz,gsnelmanqz@hhs.gov,bladewigqz,Azerbaijan
gmogenotr0,dlaurentr0@webs.com,ljacklingr0,China
ajankor1,eceaserr1@google.co.jp,tspurdler1,France
efruenr2,rmerryweatherr2@sohu.com,pdewisr2,Philippines
rballentimer3,jethersonr3@upenn.edu,mtipensr3,Brazil
cmccarrisonr4,jseabertr4@livejournal.com,bcastagner4,Indonesia
mspadazzir5,etippellr5@bloglines.com,clardeuxr5,Portugal
hmerveiller6,bsomesr6@buzzfeed.com,moshevlanr6,United States
fandrissr7,epledger7@yelp.com,kdyr7,China
mdanniellr8,sbedenr8@jalbum.net,gseamonsr8,Japan
zbusser9,cmaplethorper9@unblog.fr,ehalvosenr9,Japan
abeara,zmounseyra@google.co.jp,mgilchrestra,Colombia
chuxtonrb,kdunbavinrb@exblog.jp,fwoodrofferb,China
mdurantrc,kwernhamrc@amazon.de,ekobusrc,Thailand
vashenhurstrd,jdyottrd@blogspot.com,dgratlandrd,Kazakhstan
aliggettre,dkrinksre@japanpost.jp,hcornelisre,Palestinian Territory
cnortheyrf,dstrivensrf@oracle.com,leselerrf,France
smackennyrg,wstoadrg@wikimedia.org,apuddenrg,Greece
jbloxholmrh,greinerrh@gravatar.com,kellifrh,China
pchristophleri,lwallegeri@shinystat.com,hmehaffeyri,Slovenia
calejorj,openhearowrj@a8.net,kheatlierj,China
bcarlrk,adaveleyrk@clickbank.net,lmalzardrk,Russia
dstefirl,fbrometrl@youtu.be,nlongfutrl,China
cyeatsrm,mgoodredrm@jiathis.com,oaccumrm,Russia
mwoollardrn,hhouldinrn@simplemachines.org,aclewsrn,China
tpaulonro,rrockwellro@sina.com.cn,vcurnuckero,France
akirmondrp,apirnierp@ucoz.com,daggrp,China
acornhillrq,eturveyrq@google.ru,bbaseyrq,Sweden
pmacdougalrr,jbollisrr@1und1.de,efreethrr,Philippines